asset_class,pnl,pnl_delta,pnl_gamma,pnl_vega,pnl_rho,pnl_cs01,pnl_theta,pnl_convexity,pnl_cross_gamma,pnl_funding,pnl_liquidity,position_count,pct_total,rank
Equities,-192897.17526754708,-43.2433001857129,0.8966510142619549,194.30980290869056,0.0,0.0,-3.628373144043678,0.0,-0.6050130486686814,-112235.40990412302,-80809.49513096857,595,17.228047986040277,1
Rates,-190429.074688483,-0.3959834396808045,0.0013532816037700108,0.0,1.2100810885830358,0.0,-3.706138701725646,0.0010694665135297053,0.0,-110712.8982966153,-79713.286773563,588,17.007616789204377,2
Volatility,-190096.31988740698,0.0,0.0,57.63592586070968,0.0,0.0,-3.5097702540390956,0.0,0.0,-110552.58490872887,-79597.86113428477,592,16.97789776572686,3
Commodities,-185521.2901071135,5.468001725105129,0.29781394877537,0.0,0.0,0.0,-3.48455557873892,0.0,0.0,-107862.54149256318,-77661.02987464546,578,16.569292339114792,4
FX,-183621.34106655713,13.66241836647324,0.13950520148177403,121.65096648717699,0.0,0.0,-3.6990846732622376,0.0,-0.15642083690673989,-106833.10375064076,-76919.83470046133,579,16.399603938046518,5
Credit,-177104.16270796346,0.0,0.0,0.0,0.0,2.5629500809406593,-3.4064741101239187,0.0,0.0,-102967.04603717111,-74136.27314676318,568,15.81754118186719,6
