pnl_delta,pnl_gamma,pnl_vega,pnl_rho,pnl_cs01,pnl_theta,pnl_convexity,pnl_cross_gamma,pnl_funding,pnl_liquidity,pnl_total,position_count,loss_positions
-24.50886353381533,1.3353234461228691,373.5966952565772,1.2100810885830358,2.5629500809406593,-21.434396461933495,0.0010694665135297056,-0.7614338855754212,-651163.5843898422,-468837.7807606864,-1119669.3637250713,3500,3500
